<?xml version="1.0" encoding="UTF-8"?>

<IODevice xmlns="http://www.io-link.com/IODD/2010/10" xmlns:xsi="http://www.w3.org/2001/XMLSchema-instance" xsi:schemaLocation="http://www.io-link.com/IODD/2010/10 IODD1.1.xsd">

  <DocumentInfo version="V1.14" releaseDate="2017-10-25" copyright="Copyright 2017, Festo AG &amp; Co. KG" />

  <ProfileHeader>
    <ProfileIdentification>IO Device Profile</ProfileIdentification>
    <ProfileRevision>1.1</ProfileRevision>
    <ProfileName>Device Profile for IO Devices</ProfileName>
    <ProfileSource>IO-Link Consortium</ProfileSource>
    <ProfileClassID>Device</ProfileClassID>
    <ISO15745Reference>
      <ISO15745Part>1</ISO15745Part>
      <ISO15745Edition>1</ISO15745Edition>
      <ProfileTechnology>IODD</ProfileTechnology>
    </ISO15745Reference>
  </ProfileHeader>

  <ProfileBody>

    <DeviceIdentity vendorId="333" vendorName="Festo AG &amp; Co. KG" deviceId="127">

      <VendorText textId="TN_VendorText" />
      <VendorUrl textId="TN_VendorUrl" />
      <VendorLogo name="Festo-logo.png" />
      <DeviceName textId="TN_Device_Name" />
      <DeviceFamily textId="TN_DeviceFamily" />

      <DeviceVariantCollection>
        <DeviceVariant productId="8003541" deviceSymbol="Festo-SPAE-S4-pic.png" deviceIcon="Festo-SPAE-S4-icon.png">
          <Name textId="TN_Variant_Name_S4" />
          <Description textId="TD_Variant_Desc_S4" />
        </DeviceVariant>
        <DeviceVariant productId="8003542" deviceSymbol="Festo-SPAE-S6-pic.png" deviceIcon="Festo-SPAE-S6-icon.png">
          <Name textId="TN_Variant_Name_S6" />
          <Description textId="TD_Variant_Desc_S6" />
        </DeviceVariant>
        <DeviceVariant productId="8003543" deviceSymbol="Festo-SPAE-Q3-pic.png" deviceIcon="Festo-SPAE-Q3-icon.png">
          <Name textId="TN_Variant_Name_Q3" />
          <Description textId="TD_Variant_Desc_Q3" />
        </DeviceVariant>
        <DeviceVariant productId="8003544" deviceSymbol="Festo-SPAE-Q4-pic.png" deviceIcon="Festo-SPAE-Q3-icon.png">
          <Name textId="TN_Variant_Name_Q4" />
          <Description textId="TD_Variant_Desc_Q4" />
        </DeviceVariant>
        <DeviceVariant productId="8003545" deviceSymbol="Festo-SPAE-F-pic.png" deviceIcon="Festo-SPAE-F-icon.png">
          <Name textId="TN_Variant_Name_F" />
          <Description textId="TD_Variant_Desc_F" />
        </DeviceVariant>
      </DeviceVariantCollection>
    </DeviceIdentity>

    <DeviceFunction>

      <Features blockParameter="true" dataStorage="true" profileCharacteristic="1 32768 32769 32770 32771 32772">
		  <SupportedAccessLocks parameter="true" dataStorage="true" localParameterization="true" localUserInterface="false"/>
      </Features>

      <DatatypeCollection>

        <Datatype xsi:type="BooleanT" id="D_SwitchDOut">
          <SingleValue xsi:type="BooleanValueT" value="false">
            <Name textId="TN_DOut_Switch_Off"/>
          </SingleValue>
          <SingleValue xsi:type="BooleanValueT" value="true">
            <Name textId="TN_DOut_Switch_On"/>
          </SingleValue>
        </Datatype>

        <Datatype xsi:type="UIntegerT" bitLength="14" id="D_ProcessValueIn">
          <ValueRange xsi:type="UIntegerValueRangeT" lowerValue="0" upperValue="16383" />
        </Datatype>

        <Datatype bitLength="16" id="D_ProcessDataIn" xsi:type="RecordT" >
          <RecordItem subindex="1" bitOffset="2">
            <DatatypeRef datatypeId="D_ProcessValueIn" />
            <Name textId="TN_ProcessDataInPressure"/>
          </RecordItem>
          <RecordItem subindex="2" bitOffset="1">
            <DatatypeRef datatypeId="D_SwitchDOut"/>
            <Name textId="TN_SwitchOutB"/>
          </RecordItem>
          <RecordItem subindex="3" bitOffset="0">
            <DatatypeRef datatypeId="D_SwitchDOut"/>
            <Name textId="TN_SwitchOutA"/>
          </RecordItem>
        </Datatype>

        <Datatype xsi:type="BooleanT" id="D_TeachFlag">
          <SingleValue xsi:type="BooleanValueT" value="false">
            <Name textId="TN_TP_NotSuccTaught"/>
          </SingleValue>
          <SingleValue xsi:type="BooleanValueT" value="true">
            <Name textId="TN_TP_SuccTaught"/>
          </SingleValue>
        </Datatype>

        <Datatype bitLength="4" xsi:type="UIntegerT" id="D_TeachState">
            <SingleValue value="0">
              <Name textId="TN_TeachState0" />
            </SingleValue>
            <SingleValue value="1">
              <Name textId="TN_TeachState1" />
            </SingleValue>
            <SingleValue value="2">
              <Name textId="TN_TeachState2" />
            </SingleValue>
            <SingleValue value="3">
              <Name textId="TN_TeachState3" />
            </SingleValue>
            <SingleValue value="4">
              <Name textId="TN_TeachState4" />
            </SingleValue>
            <SingleValue value="5">
              <Name textId="TN_TeachState5" />
            </SingleValue>
            <SingleValue value="7">
              <Name textId="TN_TeachState7" />
            </SingleValue>
        </Datatype>

        <Datatype bitLength="8" id="D_TeachStatus" xsi:type="RecordT">
			<RecordItem subindex="1" bitOffset="7">
				<DatatypeRef datatypeId="D_TeachFlag"/>
				<Name textId="TN_TeachFlagSP2TP2"/>
            </RecordItem>
            <RecordItem subindex="2" bitOffset="6">
				<DatatypeRef datatypeId="D_TeachFlag"/>
				<Name textId="TN_TeachFlagSP2TP1"/>
            </RecordItem>
            <RecordItem subindex="3" bitOffset="5">
				<DatatypeRef datatypeId="D_TeachFlag"/>
				<Name textId="TN_TeachFlagSP1TP2"/>
            </RecordItem>
            <RecordItem subindex="4" bitOffset="4">
				<DatatypeRef datatypeId="D_TeachFlag"/>
				<Name textId="TN_TeachFlagSP1TP1"/>
            </RecordItem>
            <RecordItem subindex="5" bitOffset="0">
				<DatatypeRef datatypeId="D_TeachState"/>
				<Name textId="TN_TeachState"/>
            </RecordItem>
        </Datatype>

        <Datatype xsi:type="UIntegerT" bitLength="16" id="D_OutASetpoint1">
          <ValueRange xsi:type="UIntegerValueRangeT" lowerValue="164" upperValue="16219" />
        </Datatype>

        <Datatype xsi:type="UIntegerT" bitLength="16" id="D_OutASetpoint2">
          <ValueRange xsi:type="UIntegerValueRangeT" lowerValue="164" upperValue="16219" />
        </Datatype>

        <Datatype xsi:type="UIntegerT" bitLength="16" id="D_OutBSetpoint1">
          <ValueRange xsi:type="UIntegerValueRangeT" lowerValue="0" upperValue="16382" />
        </Datatype>

        <Datatype xsi:type="UIntegerT" bitLength="16" id="D_OutBSetpoint2">
          <ValueRange xsi:type="UIntegerValueRangeT" lowerValue="0" upperValue="16382" />
        </Datatype>

        <Datatype xsi:type="UIntegerT" bitLength="16" id="D_OutAHysteresis">
          <ValueRange xsi:type="UIntegerValueRangeT" lowerValue="0" upperValue="1621" />
        </Datatype>

        <Datatype xsi:type="UIntegerT" bitLength="16" id="D_OutBHysteresis">
          <ValueRange xsi:type="UIntegerValueRangeT" lowerValue="0" upperValue="14746" />
        </Datatype>

        <Datatype xsi:type="UIntegerT" bitLength="8" id="D_SwitchPointLogic">
            <SingleValue value="0">
              <Name textId="TN_SwitchPointLogic_NO" />
            </SingleValue>
            <SingleValue value="1">
              <Name textId="TN_SwitchPointLogic_NC" />
            </SingleValue>
        </Datatype>

        <Datatype xsi:type="UIntegerT" bitLength="8" id="D_SwitchPointMode">
            <SingleValue value="1">
              <Name textId="TN_SwitchPointMode_SinglePoint" />
            </SingleValue>
            <SingleValue value="128">
              <Name textId="TN_SwitchPointMode_TwoPointTeach" />
            </SingleValue>            
            <SingleValue value="3">
              <Name textId="TN_SwitchPointMode_TwoPoint" />
            </SingleValue>            
            <SingleValue value="2">
              <Name textId="TN_SwitchPointMode_Window" />
            </SingleValue>
        </Datatype>

		<Datatype bitLength="32" id="D_OutASetPoints" xsi:type="RecordT" >
          <RecordItem subindex="1" bitOffset="16">
            <DatatypeRef datatypeId="D_OutASetpoint1" />
            <Name textId="TN_Setpoint1"/>
          </RecordItem>
          <RecordItem subindex="2" bitOffset="0">
            <DatatypeRef datatypeId="D_OutASetpoint2" />
            <Name textId="TN_Setpoint2"/>
          </RecordItem>
        </Datatype>

        <Datatype bitLength="32" id="D_OutBSetPoints" xsi:type="RecordT" >
          <RecordItem subindex="1" bitOffset="16">
            <DatatypeRef datatypeId="D_OutBSetpoint1" />
            <Name textId="TN_Setpoint1"/>
          </RecordItem>
          <RecordItem subindex="2" bitOffset="0">
            <DatatypeRef datatypeId="D_OutBSetpoint2" />
            <Name textId="TN_Setpoint2"/>
          </RecordItem>
        </Datatype>

        <Datatype bitLength="32" id="D_OutASwitchPoint" xsi:type="RecordT" >
          <RecordItem subindex="1" bitOffset="24">
            <DatatypeRef datatypeId="D_SwitchPointLogic" />
            <Name textId="TN_SwitchPointLogic"/>
          </RecordItem>
          <RecordItem subindex="2" bitOffset="16">
            <DatatypeRef datatypeId="D_SwitchPointMode" />
            <Name textId="TN_SwitchPointMode"/>
            <Description textId="TD_SwitchPointMode"/>
          </RecordItem>
          <RecordItem subindex="3" bitOffset="0">
            <DatatypeRef datatypeId="D_OutAHysteresis" />
            <Name textId="TN_Hysteresis"/>
          </RecordItem>
        </Datatype>

        <Datatype bitLength="32" id="D_OutBSwitchPoint" xsi:type="RecordT" >
          <RecordItem subindex="1" bitOffset="24">
            <DatatypeRef datatypeId="D_SwitchPointLogic" />
            <Name textId="TN_SwitchPointLogic"/>
          </RecordItem>
          <RecordItem subindex="2" bitOffset="16">
            <DatatypeRef datatypeId="D_SwitchPointMode" />
            <Name textId="TN_SwitchPointMode"/>
            <Description textId="TD_SwitchPointMode"/>
          </RecordItem>
          <RecordItem subindex="3" bitOffset="0">
            <DatatypeRef datatypeId="D_OutBHysteresis" />
            <Name textId="TN_Hysteresis"/>
          </RecordItem>
        </Datatype>
      </DatatypeCollection>

      <VariableCollection>
        <StdVariableRef id="V_DirectParameters_1"/>
        <StdVariableRef id="V_DirectParameters_2"/>

        <StdVariableRef id="V_SystemCommand">
			<SingleValue value="65">
				<Name textId="TN_TeachSingleValue_SP1"/>
            </SingleValue>
			<SingleValue value="66">
				<Name textId="TN_TeachSingleValue_SP2"/>
            </SingleValue>
			<SingleValue value="67">
				<Name textId="TN_TeachTwoPoint_SP1_TP1"/>
            </SingleValue>
			<SingleValue value="68">
				<Name textId="TN_TeachTwoPoint_SP1_TP2"/>
            </SingleValue>
			<SingleValue value="75">
				<Name textId="TN_TeachCommand"/>
            </SingleValue>
			<SingleValue value="79">
				<Name textId="TN_TeachCancelCommand"/>
            </SingleValue>
			<StdSingleValueRef value="128" />
			<StdSingleValueRef value="130" />
			<SingleValue value="160">
				<Name textId="TN_ResetInAMin"/>
            </SingleValue>
            <SingleValue value="161">
				<Name textId="TN_ResetInAMax"/>
            </SingleValue>
        </StdVariableRef>

        <StdVariableRef id="V_DeviceAccessLocks" >
			<StdRecordItemRef subindex="1" defaultValue="false" />
			<StdRecordItemRef subindex="2" defaultValue="false" />
			<StdRecordItemRef subindex="3" defaultValue="false" />
        </StdVariableRef>

        <StdVariableRef id="V_VendorName" defaultValue="Festo AG &amp; Co. KG"/>
        <StdVariableRef id="V_VendorText" defaultValue="http://www.festo.com"/>
        <StdVariableRef id="V_ProductName"/>
        <StdVariableRef id="V_ProductID"/>
        <StdVariableRef id="V_ProductText" defaultValue="Pressure sensor"/>
        <StdVariableRef id="V_SerialNumber" />
        <StdVariableRef id="V_HardwareRevision" />
        <StdVariableRef id="V_FirmwareRevision" />
        <StdVariableRef id="V_ApplicationSpecificTag" defaultValue="***" fixedLengthRestriction="32"/>
        <StdVariableRef id="V_ErrorCount" defaultValue="0"/>
        <StdVariableRef id="V_DeviceStatus" defaultValue="0"/>
        <StdVariableRef id="V_DetailedDeviceStatus" fixedLengthRestriction="64"/>
        <StdVariableRef id="V_ProcessDataInput"/>

        <!-- ____ Smart Sensor Profile _____________________________________________________________ -->

		<Variable id="V_P58" index="58" accessRights="rw" excludedFromDataStorage="true" defaultValue="0" >
			<Datatype bitLength="8" xsi:type="UIntegerT">
            <SingleValue value="0">
              <Name textId="TN_P58_Mode0" />
            </SingleValue>
            <SingleValue value="1">
              <Name textId="TN_P58_Mode1" />
            </SingleValue>
            <SingleValue value="2">
              <Name textId="TN_P58_Mode2" />
            </SingleValue>
          </Datatype>
          <Name textId="TN_P58" />
          <Description textId="TD_P58" />
		</Variable>

		<Variable id="V_P59" index="59" accessRights="ro">
			<DatatypeRef datatypeId="D_TeachStatus" />
			<RecordItemInfo subindex="1" defaultValue="false" />
			<RecordItemInfo subindex="2" defaultValue="false" />
			<RecordItemInfo subindex="3" defaultValue="false" />
			<RecordItemInfo subindex="4" defaultValue="false" />
			<RecordItemInfo subindex="5" defaultValue="0" />
			<Name textId="TN_P59" />
		</Variable>

		<!-- ____ BDC1 (Out A1) _____________________________________________________________ -->

        <Variable id="V_P60" index="60" accessRights="rw">
			<DatatypeRef datatypeId="D_OutASetPoints" />
			<RecordItemInfo subindex="1" defaultValue="11468" />
			<RecordItemInfo subindex="2" defaultValue="9830" />
			<Name textId="TN_P60" />
		</Variable>

		<Variable id="V_P61" index="61" accessRights="rw">
			<DatatypeRef datatypeId="D_OutASwitchPoint" />
			<RecordItemInfo subindex="1" defaultValue="0" />
			<RecordItemInfo subindex="2" defaultValue="1" />
			<RecordItemInfo subindex="3" defaultValue="82" />
			<Name textId="TN_P61" />
		</Variable>

		<!-- ____ BDC2 (Out B1) _____________________________________________________________ -->

		<Variable id="V_P62" index="62" accessRights="rw">
			<DatatypeRef datatypeId="D_OutBSetPoints" />
			<RecordItemInfo subindex="1" defaultValue="6553" />
			<RecordItemInfo subindex="2" defaultValue="3277" />
			<Name textId="TN_P62" />
		</Variable>

		<Variable id="V_P63" index="63" accessRights="rw">
			<DatatypeRef datatypeId="D_OutBSwitchPoint" />
			<RecordItemInfo subindex="1" defaultValue="0" />
			<RecordItemInfo subindex="2" defaultValue="1" />
			<RecordItemInfo subindex="3" defaultValue="82" />
			<Name textId="TN_P63" />
		</Variable>

		<!-- ____ Process data _______________________________________________________ -->

		<Variable id="V_P8197" index="8197" accessRights="ro">
          <Datatype bitLength="16" xsi:type="UIntegerT" />
          <Name textId="TN_P8197" />
          <Description textId="TD_P8197" />
        </Variable>

        <Variable id="V_P8198" index="8198" accessRights="ro">
          <Datatype bitLength="16" xsi:type="UIntegerT" />
          <Name textId="TN_P8198" />
          <Description textId="TD_P8198" />
        </Variable>
        
        <Variable id="V_P386" index="386" accessRights="rw" defaultValue="0">
          <Datatype bitLength="16" xsi:type="UIntegerT" >
			<SingleValue value="0">
				  <Name textId="TN_P386_Mode0" />
			</SingleValue>
			<SingleValue value="1">
				  <Name textId="TN_P386_Mode1" />
			</SingleValue>
			<SingleValue value="2">
				  <Name textId="TN_P386_Mode2" />
			</SingleValue>
			<SingleValue value="3">
				  <Name textId="TN_P386_Mode3" />
			</SingleValue>
			<SingleValue value="4">
				  <Name textId="TN_P386_Mode4" />
			</SingleValue>
			<SingleValue value="5">
				  <Name textId="TN_P386_Mode5" />
			</SingleValue>
			<SingleValue value="6">
				  <Name textId="TN_P386_Mode6" />
			</SingleValue>
          </Datatype>
          <Name textId="TN_P386" />
          <Description textId="TD_P386" />
        </Variable>

        <Variable id="V_P482" index="482" accessRights="rw" defaultValue="4">
          <Datatype bitLength="16" xsi:type="UIntegerT" >
			<ValueRange lowerValue="1" upperValue="5" />
          </Datatype>
          <Name textId="TN_P482" />
          <Description textId="TD_P482" />
        </Variable>

		<Variable id="V_P488" index="488" accessRights="rw" defaultValue="0">
          <Datatype bitLength="16" xsi:type="IntegerT">
			  <SingleValue value="0">
			  <Name textId="TN_P488_Mode0" />
			  </SingleValue>          
			<ValueRange lowerValue="1" upperValue="20" />
          </Datatype>
          <Name textId="TN_P488" />
          <Description textId="TD_P488" />
        </Variable>

		<Variable id="V_P489" index="489" accessRights="rw" defaultValue="0">
          <Datatype bitLength="16" xsi:type="UIntegerT">
				<SingleValue value="0">
				  <Name textId="TN_P489_Mode0" />
				</SingleValue>
				<SingleValue value="1">
				  <Name textId="TN_P489_Mode1" />
				</SingleValue>
			</Datatype>
          <Name textId="TN_P489" />
          <Description textId="TD_P489" />
        </Variable>

        <Variable id="V_P490" index="490" accessRights="rw" defaultValue="0">
          <Datatype bitLength="16" xsi:type="IntegerT">
			  <SingleValue value="0">
			  <Name textId="TN_P490_Mode0" />
			  </SingleValue>
			<ValueRange lowerValue="1" upperValue="99" />
          </Datatype>
          <Name textId="TN_P490" />
          <Description textId="TD_P490" />
        </Variable>

      </VariableCollection>

      <ProcessDataCollection>
        <ProcessData id="P_ProcessData">
          <ProcessDataIn id="PI_ProcessDataIn" bitLength="16">
            <DatatypeRef datatypeId="D_ProcessDataIn" />
            <Name textId="TN_ProcessDataIn" />
          </ProcessDataIn>
        </ProcessData>
      </ProcessDataCollection>

		<EventCollection>
			<!-- device failure 0x5000 -->
			<StdEventRef code="20480"/>
			<!-- supply under-run	0x5111 -->
			<StdEventRef code="20753"/>
			<!-- temperature over-run	0x4210 -->
			<StdEventRef code="16912"/>
			<!-- InA range over-run 0x8C10 -->
			<StdEventRef code="35856"/>
			<!-- overload OutA 0x1815 -->
			<Event code="6165" type="Error">
				<Name textId="TN_EVENT_OverloadOutA"/>
				<Description textId="TD_EVENT_DESC_OverloadOutA"/>
			</Event>
		</EventCollection>

    <UserInterface>

        <ProcessDataRefCollection>
          <ProcessDataRef processDataId="PI_ProcessDataIn">
            <ProcessDataRecordItemInfo subindex="1" gradient="-0.001525972044" offset="0.000000000000" unitCode="1133" displayFormat="Dec.2"/>
            <ProcessDataRecordItemInfo subindex="3" />
            <ProcessDataRecordItemInfo subindex="2" />
          </ProcessDataRef>
        </ProcessDataRefCollection>

        <MenuCollection>

			<!--                   Observer                              -->

			<Menu id="M_IdentificationObserver">
				<Name textId="TN_Identification_Menu" />
				<VariableRef variableId="V_VendorName" />
				<VariableRef variableId="V_VendorText" />
				<VariableRef variableId="V_ProductName" />
				<VariableRef variableId="V_ProductID" />
				<VariableRef variableId="V_ProductText" />
				<VariableRef variableId="V_SerialNumber" />
				<VariableRef variableId="V_HardwareRevision" />
				<VariableRef variableId="V_FirmwareRevision" />
				<VariableRef variableId="V_ApplicationSpecificTag" accessRightRestriction="ro"/>
				<VariableRef variableId="V_DirectParameters_1" />
			</Menu>

			<Menu id="M_ParametersObserver">
				<Name textId="TN_Parameters_Menu" />
				<MenuRef menuId="M_DeviceObserver" />
				<MenuRef menuId="M_OutAObserver" />
				<MenuRef menuId="M_OutBObserver" />
			</Menu>

			<Menu id="M_DeviceObserver">
				<Name textId="TN_Device_Menu" />
				<VariableRef variableId="V_DeviceAccessLocks" accessRightRestriction="ro" />
				<VariableRef variableId="V_P482" accessRightRestriction="ro"/>
				<VariableRef variableId="V_P488" accessRightRestriction="ro" unitCode="1058"/>
				<VariableRef variableId="V_P489" accessRightRestriction="ro"/>
				<VariableRef variableId="V_P490" accessRightRestriction="ro"/>
			</Menu>

			<Menu id="M_OutAObserver">
				<Name textId="TN_OutA_Menu" />
				<RecordItemRef variableId="V_P60" subindex="1" accessRightRestriction="ro" gradient="-0.001525972044" offset="0.000000000000" unitCode="1133" displayFormat="Dec.2"/>
				<RecordItemRef variableId="V_P60" subindex="2" accessRightRestriction="ro" gradient="-0.001525972044" offset="0.000000000000" unitCode="1133" displayFormat="Dec.2"/>
				<RecordItemRef variableId="V_P61" subindex="1" accessRightRestriction="ro" />
				<RecordItemRef variableId="V_P61" subindex="2" accessRightRestriction="ro"  />
				<RecordItemRef variableId="V_P61" subindex="3" accessRightRestriction="ro" gradient="0.001525972044" offset="0" unitCode="1133" displayFormat="Dec.2"/>
			</Menu>

			<Menu id="M_OutBObserver">
				<Name textId="TN_OutB_Menu" />
				<RecordItemRef variableId="V_P62" subindex="1" accessRightRestriction="ro" gradient="-0.001525972044" offset="0.000000000000" unitCode="1133" displayFormat="Dec.2"/>
				<RecordItemRef variableId="V_P62" subindex="2" accessRightRestriction="ro" gradient="-0.001525972044" offset="0.000000000000" unitCode="1133" displayFormat="Dec.2"/>
				<RecordItemRef variableId="V_P63" subindex="1" accessRightRestriction="ro" />
				<RecordItemRef variableId="V_P63" subindex="2" accessRightRestriction="ro"  />
				<RecordItemRef variableId="V_P63" subindex="3" accessRightRestriction="ro" gradient="0.001525972044" offset="0" unitCode="1133" displayFormat="Dec.2"/>
			</Menu>

			<!--                         Maintenance                                     -->

			<Menu id="M_IdentificationMaintenance">
				<Name textId="TN_Identification_Menu" />
				<VariableRef variableId="V_VendorName" />
				<VariableRef variableId="V_VendorText" />
				<VariableRef variableId="V_ProductName" />
				<VariableRef variableId="V_ProductID" />
				<VariableRef variableId="V_ProductText" />
				<VariableRef variableId="V_SerialNumber" />
				<VariableRef variableId="V_HardwareRevision" />
				<VariableRef variableId="V_FirmwareRevision" />
				<VariableRef variableId="V_ApplicationSpecificTag"/>
				<VariableRef variableId="V_DirectParameters_1" />
			</Menu>

			<Menu id="M_ParametersMaintenance">
				<Name textId="TN_Parameters_Menu" />
				<MenuRef menuId="M_DeviceMaintenance" />
				<MenuRef menuId="M_OutAMaintenance" />
				<MenuRef menuId="M_OutBMaintenance" />
				<MenuRef menuId="M_TeachMaintenance" />
			</Menu>

			<Menu id="M_DeviceMaintenance">
				<Name textId="TN_Device_Menu" />
				<VariableRef variableId="V_DeviceAccessLocks" accessRightRestriction="rw" />
				<VariableRef variableId="V_SystemCommand">
					<Button buttonValue="130"/>
				</VariableRef>
				<VariableRef variableId="V_P482" accessRightRestriction="rw"/>
				<VariableRef variableId="V_P488" accessRightRestriction="rw" unitCode="1058"/>
				<VariableRef variableId="V_P489" accessRightRestriction="rw"/>
				<VariableRef variableId="V_P490" accessRightRestriction="rw"/>
			</Menu>

			<Menu id="M_OutAMaintenance">
				<Name textId="TN_OutA_Menu" />
				<RecordItemRef variableId="V_P60" subindex="1" accessRightRestriction="rw" gradient="-0.001525972044" offset="0.000000000000" unitCode="1133" displayFormat="Dec.2"/>
				<RecordItemRef variableId="V_P60" subindex="2" accessRightRestriction="rw" gradient="-0.001525972044" offset="0.000000000000" unitCode="1133" displayFormat="Dec.2"/>
				<RecordItemRef variableId="V_P61" subindex="1" accessRightRestriction="rw" />
				<RecordItemRef variableId="V_P61" subindex="2" accessRightRestriction="rw"  />
				<RecordItemRef variableId="V_P61" subindex="3" accessRightRestriction="rw" gradient="0.001525972044" offset="0" unitCode="1133" displayFormat="Dec.2"/>
			</Menu>

			<Menu id="M_OutBMaintenance">
				<Name textId="TN_OutB_Menu" />
				<RecordItemRef variableId="V_P62" subindex="1" accessRightRestriction="rw" gradient="-0.001525972044" offset="0.000000000000" unitCode="1133" displayFormat="Dec.2"/>
				<RecordItemRef variableId="V_P62" subindex="2" accessRightRestriction="rw" gradient="-0.001525972044" offset="0.000000000000" unitCode="1133" displayFormat="Dec.2"/>
				<RecordItemRef variableId="V_P63" subindex="1" accessRightRestriction="rw" />
				<RecordItemRef variableId="V_P63" subindex="2" accessRightRestriction="rw"  />
				<RecordItemRef variableId="V_P63" subindex="3" accessRightRestriction="rw" gradient="0.001525972044" offset="0" unitCode="1133" displayFormat="Dec.2"/>
			</Menu>

			<Menu id="M_TeachMaintenance">
				<Name textId="TN_Teach_Menu" />
				<VariableRef variableId="V_P58" accessRightRestriction="rw"/>
				<VariableRef variableId="V_SystemCommand">
					<Button buttonValue="75"/>
				</VariableRef>
				<VariableRef variableId="V_SystemCommand">
				  <Button buttonValue="79"/>
				</VariableRef>
				<VariableRef variableId="V_P59" accessRightRestriction="ro"/>
			</Menu>

			<!--                            Specialist                                        -->

			<Menu id="M_IdentificationSpecialist">
				<Name textId="TN_Identification_Menu" />
				<VariableRef variableId="V_VendorName" />
				<VariableRef variableId="V_VendorText" />
				<VariableRef variableId="V_ProductName" />
				<VariableRef variableId="V_ProductID" />
				<VariableRef variableId="V_ProductText" />
				<VariableRef variableId="V_SerialNumber" />
				<VariableRef variableId="V_HardwareRevision" />
				<VariableRef variableId="V_FirmwareRevision" />
				<VariableRef variableId="V_ApplicationSpecificTag"/>
				<VariableRef variableId="V_DirectParameters_1" />
			</Menu>

			<Menu id="M_ParametersSpecialist">
				<Name textId="TN_Parameters_Menu" />
				<MenuRef menuId="M_DeviceSpecialist" />
				<MenuRef menuId="M_OutASpecialist" />
				<MenuRef menuId="M_OutBSpecialist" />
				<MenuRef menuId="M_TeachSpecialist" />
			</Menu>

			<Menu id="M_DeviceSpecialist">
				<Name textId="TN_Device_Menu" />
				<VariableRef variableId="V_DeviceAccessLocks" accessRightRestriction="rw" />
				<VariableRef variableId="V_SystemCommand">
					<Button buttonValue="130"/>
				</VariableRef>
				<VariableRef variableId="V_P386" accessRightRestriction="rw"/>
				<VariableRef variableId="V_P482" accessRightRestriction="rw"/>
				<VariableRef variableId="V_P488" accessRightRestriction="rw" unitCode="1058"/>
				<VariableRef variableId="V_P489" accessRightRestriction="rw"/>
				<VariableRef variableId="V_P490" accessRightRestriction="rw"/>
			</Menu>

			<Menu id="M_OutASpecialist">
				<Name textId="TN_OutA_Menu" />
				<RecordItemRef variableId="V_P60" subindex="1" accessRightRestriction="rw" gradient="-0.001525972044" offset="0.000000000000" unitCode="1133" displayFormat="Dec.2"/>
				<RecordItemRef variableId="V_P60" subindex="2" accessRightRestriction="rw" gradient="-0.001525972044" offset="0.000000000000" unitCode="1133" displayFormat="Dec.2"/>
				<RecordItemRef variableId="V_P61" subindex="1" accessRightRestriction="rw" />
				<RecordItemRef variableId="V_P61" subindex="2" accessRightRestriction="rw"  />
				<RecordItemRef variableId="V_P61" subindex="3" accessRightRestriction="rw" gradient="0.001525972044" offset="0" unitCode="1133" displayFormat="Dec.2"/>
			</Menu>

			<Menu id="M_OutBSpecialist">
				<Name textId="TN_OutB_Menu" />
				<RecordItemRef variableId="V_P62" subindex="1" accessRightRestriction="rw" gradient="-0.001525972044" offset="0.000000000000" unitCode="1133" displayFormat="Dec.2"/>
				<RecordItemRef variableId="V_P62" subindex="2" accessRightRestriction="rw" gradient="-0.001525972044" offset="0.000000000000" unitCode="1133" displayFormat="Dec.2"/>
				<RecordItemRef variableId="V_P63" subindex="1" accessRightRestriction="rw" />
				<RecordItemRef variableId="V_P63" subindex="2" accessRightRestriction="rw"  />
				<RecordItemRef variableId="V_P63" subindex="3" accessRightRestriction="rw" gradient="0.001525972044" offset="0" unitCode="1133" displayFormat="Dec.2"/>
			</Menu>

			<Menu id="M_TeachSpecialist">
				<Name textId="TN_Teach_Menu" />
				<VariableRef variableId="V_P58" accessRightRestriction="rw"/>
				<VariableRef variableId="V_SystemCommand">
					<Button buttonValue="75"/>
				</VariableRef>
				<VariableRef variableId="V_SystemCommand">
				  <Button buttonValue="79"/>
				</VariableRef>
				<VariableRef variableId="V_P59" accessRightRestriction="ro"/>
			</Menu>

			<!-- Diagnosis and Observation -->

            <Menu id="M_DiagnosisObserver">
				<Name textId="TN_Diagnosis_Menu" />
				<VariableRef variableId="V_ErrorCount" />
				<VariableRef variableId="V_DeviceStatus" />
				<VariableRef variableId="V_DetailedDeviceStatus" />
			</Menu>

			<Menu id="M_Diagnosis">
				<Name textId="TN_Diagnosis_Menu" />
				<VariableRef variableId="V_ErrorCount" />
				<VariableRef variableId="V_DeviceStatus" />
				<VariableRef variableId="V_DetailedDeviceStatus" />
				<VariableRef variableId="V_SystemCommand">
					<Button buttonValue="128"/>
				</VariableRef>
			</Menu>

			<Menu id="M_ProcessDataIn">
				<Name textId="TN_PdPressure_Menu" />
				<RecordItemRef variableId="V_ProcessDataInput" subindex="1" accessRightRestriction="ro" gradient="-0.001525972044" offset="0.000000000000" unitCode="1133" displayFormat="Dec.2"/>
				<VariableRef variableId="V_P8197" accessRightRestriction="ro" gradient="-0.001525972044" offset="0.000000000000" unitCode="1133" displayFormat="Dec.2"/>
				<VariableRef variableId="V_P8198" accessRightRestriction="ro" gradient="-0.001525972044" offset="0.000000000000" unitCode="1133" displayFormat="Dec.2"/>
				<VariableRef variableId="V_SystemCommand">
					<Button buttonValue="160">
						<Description textId="TD_ResetInAMin" />
					</Button>
				</VariableRef>
				<VariableRef variableId="V_SystemCommand">
					<Button buttonValue="161">
						<Description textId="TD_ResetInAMax" />
					</Button>
				</VariableRef>				
			</Menu>
			
			<Menu id="M_BinaryDataIn">
				<Name textId="TN_PdBdc_Menu" />
				<RecordItemRef variableId="V_ProcessDataInput" subindex="3" accessRightRestriction="ro" />
				<RecordItemRef variableId="V_ProcessDataInput" subindex="2" accessRightRestriction="ro"  />
			</Menu>			

			<Menu id="M_Observation">
				<Name textId="TN_Observation_Menu" />
				<MenuRef menuId="M_ProcessDataIn" />
                <MenuRef menuId="M_BinaryDataIn" />
			</Menu>

        </MenuCollection>

        <ObserverRoleMenuSet>
          <IdentificationMenu menuId="M_IdentificationObserver" />
          <ParameterMenu menuId="M_ParametersObserver" />
          <ObservationMenu menuId="M_Observation" />
          <DiagnosisMenu menuId="M_DiagnosisObserver" />
        </ObserverRoleMenuSet>

        <MaintenanceRoleMenuSet>
          <IdentificationMenu menuId="M_IdentificationMaintenance" />
          <ParameterMenu menuId="M_ParametersMaintenance" />
          <ObservationMenu menuId="M_Observation" />
          <DiagnosisMenu menuId="M_Diagnosis" />
        </MaintenanceRoleMenuSet>

        <SpecialistRoleMenuSet>
          <IdentificationMenu menuId="M_IdentificationSpecialist" />
          <ParameterMenu menuId="M_ParametersSpecialist" />
          <ObservationMenu menuId="M_Observation" />
          <DiagnosisMenu menuId="M_Diagnosis" />
        </SpecialistRoleMenuSet>

      </UserInterface>

    </DeviceFunction>
  </ProfileBody>

  <CommNetworkProfile xsi:type="IOLinkCommNetworkProfileT" iolinkRevision="V1.1">
    <TransportLayers>
      <PhysicalLayer bitrate="COM2" minCycleTime="3000" sioSupported="true" mSequenceCapability="43">
        <Connection xsi:type="CableConnectionT">
          <ProductRef productId="8003541"/>
          <ProductRef productId="8003542"/>
          <ProductRef productId="8003543"/>
          <ProductRef productId="8003544"/>
          <ProductRef productId="8003545"/>
          <Description textId="TD_Connection"/>
          <Wire1 color="BN" function="L+">
			  <Name textId="TN_CableWire1" />
          </Wire1>
          <Wire2 color="BU" function="L-">
			  <Name textId="TN_CableWire2" />
		  </Wire2>
          <Wire3 color="BK" function="C/Q">
			  <Name textId="TN_CableWire3" />
		  </Wire3>
        </Connection>
      </PhysicalLayer>
    </TransportLayers>
    <Test>
      <Config1 index="75" testValue="0x55,0x99"/>
      <Config2 index="1024" testValue="0x00,0x00"/>
      <Config3 index="76" testValue="0x00,0x00,0x00,0x00,0x00,0x00,0x00,0x00,0x00,0x00,0x00,0x00,0x00,0x00"/>
      <Config7 index="77">
		  <EventTrigger appearValue="01" disappearValue="02"/>
		  <EventTrigger appearValue="03" disappearValue="04"/>
      </Config7>
    </Test>
  </CommNetworkProfile>

  <ExternalTextCollection>
      <PrimaryLanguage xml:lang="en">
           		<Text id="TN_Identification_Menu" value="Identification" />
		<Text id="TN_VendorText" value="Festo. At the forefront of industrial automation." />
		<Text id="TN_VendorUrl" value="http://www.festo.com" />
		<Text id="TN_DeviceFamily" value="SPAE" />
		<Text id="TN_Device_Name" value="SPAE-V025R" />

		<Text id="TN_Variant_Name_S4" value="SPAE-V025R-S4-PNLK-2.5K" />
		<Text id="TD_Variant_Desc_S4" value="Pressure measuring range: 0.0000 ... -0.2500kPa&#13;&#10;Pneumatic connection: Push-in sleeve 4 mm" />
		<Text id="TN_Variant_Name_S6" value="SPAE-V025R-S6-PNLK-2.5K" />
		<Text id="TD_Variant_Desc_S6" value="Pressure measuring range: 0.0000 ... -0.2500kPa&#13;&#10;Pneumatic connection: Push-in sleeve 6 mm" />
		<Text id="TN_Variant_Name_Q3" value="SPAE-V025R-Q3-PNLK-2.5K" />
		<Text id="TD_Variant_Desc_Q3" value="Pressure measuring range: 0.0000 ... -0.2500kPa&#13;&#10;Pneumatic connection: Plug connector 3 mm" />
		<Text id="TN_Variant_Name_Q4" value="SPAE-V025R-Q4-PNLK-2.5K" />
		<Text id="TD_Variant_Desc_Q4" value="Pressure measuring range: 0.0000 ... -0.2500kPa&#13;&#10;Pneumatic connection: Plug connector 4 mm" />
		<Text id="TN_Variant_Name_F" value="SPAE-V025R-F-PNLK-2.5K" />
		<Text id="TD_Variant_Desc_F" value="Pressure measuring range: 0.0000 ... -0.2500kPa&#13;&#10;Pneumatic connection: Flange" />

		<Text id="TN_ProcessDataIn" value="Process data input" />
		<Text id="TN_ProcessDataInPressure" value="PDV Pressure measured value (InA)" />
		<Text id="TN_SwitchOutA" value="BDC1 Pressure monitoring (OutA)" />
		<Text id="TN_SwitchOutB" value="BDC2 Pressure monitoring (OutB)" />

		<Text id="TN_DOut_Switch_On" value="1 (On)" />
		<Text id="TN_DOut_Switch_Off" value="0 (Off)" />

		<Text id="TN_Observation_Menu" value="Observation" />

		<Text id="TN_PdPressure_Menu" value="PDV Pressure measured values (InA)" />

		<Text id="TN_P8197" value="Min PDV (InA)" />
		<Text id="TD_P8197" value="Minimal measured pressure value" />
		<Text id="TN_P8198" value="Max PDV (InA)" />
		<Text id="TD_P8198" value="Maximal measured pressure value" />

		<Text id="TN_ResetInAMin" value="Reset Min PDV (InA)" />
		<Text id="TD_ResetInAMin" value="Minimal measured pressure value reset" />
		<Text id="TN_ResetInAMax" value="Reset Max PDV (InA)" />
		<Text id="TD_ResetInAMax" value="Maximal measured pressure value reset" />
		
		<Text id="TN_PdBdc_Menu" value="Binary data output status" />		

		<Text id="TN_Parameters_Menu" value="Parameters" />

		<Text id="TN_OutA_Menu" value="OutA (Switch signal)" />
		<Text id="TN_OutB_Menu" value="OutB (Switch signal)" />

		<Text id="TN_SwitchPointMode" value="Switch point mode (Fctn)" />
		<Text id="TD_SwitchPointMode" value="Switch function" />
		<Text id="TN_SwitchPointMode_SinglePoint" value="Single point mode" />
		<Text id="TN_SwitchPointMode_TwoPoint" value="F2: Two point mode (P1/P2) 2x single value teach" />
		<Text id="TN_SwitchPointMode_TwoPointTeach" value="F1: Two point teach mode (P1/HY) two value teach" />
		<Text id="TN_SwitchPointMode_Window" value="Window mode" />
		
		<Text id="TN_Setpoint1" value="Set point 1 (SP.Lo)" />
		<Text id="TN_Setpoint2" value="Set point 2 (SP.Hi)" />
		
		<Text id="TN_Hysteresis" value="Hysteresis (HY)" />

		<Text id="TN_SwitchPointLogic" value="Switch point logic (LOGC)" />
		<Text id="TN_SwitchPointLogic_NO" value="Normally open (NO)" />
		<Text id="TN_SwitchPointLogic_NC" value="Normally closed (NC)" />
		
		<Text id="TN_P60" value="BDC1 set points " />
		<Text id="TN_P61" value="BDC1 switch parameters" />
		<Text id="TN_P62" value="BDC2 set points " />
		<Text id="TN_P63" value="BDC2 switch parameters" />
				
		<Text id="TN_Diagnosis_Menu" value="Diagnosis" />

		<Text id="TN_Device_Menu" value="Device" />
				
		<Text id="TN_P386" value="Filter response time (Filt)" />
		<Text id="TD_P386" value="Pressure input signal smoothing" />
		<Text id="TN_P386_Mode0" value="Filter disabeled" />
		<Text id="TN_P386_Mode1" value="2 ms" />
		<Text id="TN_P386_Mode2" value="4 ms" />
		<Text id="TN_P386_Mode3" value="8 ms" />
		<Text id="TN_P386_Mode4" value="16 ms" />
		<Text id="TN_P386_Mode5" value="32 ms" />
		<Text id="TN_P386_Mode6" value="64 ms" />
				
		<Text id="TN_P489" value="Display orientation (do)" />
		<Text id="TD_P489" value="for display rotation" />
		<Text id="TN_P489_Mode0" value="standard" />
		<Text id="TN_P489_Mode1" value="reversed" />

		<Text id="TN_P488" value="Display duration (di)"/>
		<Text id="TD_P488" value="Always On or time since last key press to switch off display"/>
		<Text id="TN_P488_Mode0" value="Always On"/>
		
		<Text id="TN_P482" value="Display brightness" />
		<Text id="TD_P482" value="0: dark, 5: bright" />
		
		<Text id="TN_P490" value="Lock code" />
		<Text id="TN_P490_Mode0" value="Off" />
		<Text id="TD_P490" value="Local parameter lock: off or code 1 .. 9999" />

		<Text id="TN_Teach_Menu" value="Teach-in" />
		
		<Text id="TN_P58" value="Teach channel" />
		<Text id="TN_P58_Mode0" value="Default channel" />
		<Text id="TN_P58_Mode1" value="BDC1 (OutA)" />
		<Text id="TN_P58_Mode2" value="BDC2 (OutB)" />
		<Text id="TD_P58" value="Default channel is BDC1 (OutA)" />
		
		<Text id="TN_P59" value="Teach-in status" />
		
		<Text id="TN_TeachSingleValue_SP1" value="SP1 Single Value Teach" />
		<Text id="TN_TeachSingleValue_SP2" value="SP2 Single Value Teach" />
		<Text id="TN_TeachTwoPoint_SP1_TP1" value="SP1 Two Value Teach TP1" />
		<Text id="TN_TeachTwoPoint_SP1_TP2" value="SP1 Two Value Teach TP2" />
		<Text id="TN_TeachCommand" value="Teach selected output" />
		<Text id="TN_TeachCancelCommand" value="Cancel teach" />

		<Text id="TN_TP_NotSuccTaught" value="Teachpoint is not taught or not successfully" />
		<Text id="TN_TP_SuccTaught" value="Teachpoint is successfully taught" />
		
		<Text id="TN_TeachFlagSP1TP1" value="Teach-in flag SP1 TP1" />
		<Text id="TN_TeachFlagSP1TP2" value="Teach-in flag SP1 TP2" />
		<Text id="TN_TeachFlagSP2TP1" value="Teach-in flag SP2 TP1" />
		<Text id="TN_TeachFlagSP2TP2" value="Teach-in flag SP2 TP2" />

		<Text id="TN_TeachState" value="Teach-in state" />
		<Text id="TN_TeachState0" value="Idle" />
		<Text id="TN_TeachState1" value="SP1 Success" />
		<Text id="TN_TeachState2" value="SP2 Success" />
		<Text id="TN_TeachState3" value="SP12 Success" />
		<Text id="TN_TeachState4" value="Wait for command" />
		<Text id="TN_TeachState5" value="Busy" />
		<Text id="TN_TeachState7" value="Error" />

		<Text id="TN_EVENT_OverloadOutA" value="OutA overload / short circuit" />
		<Text id="TD_EVENT_DESC_OverloadOutA" value="Overload or short circuit at the switching output OutA: eliminate cause of failure" />

		<Text id="TD_Connection" value="3 wire cable" />
		<Text id="TN_CableWire1" value="Supply 24V" />
		<Text id="TN_CableWire2" value="Ground" />
		<Text id="TN_CableWire3" value="IO-Link, OutA" />
		
      </PrimaryLanguage>
  </ExternalTextCollection>
  
  <Stamp crc="4012106109"><Checker name="IODD-Checker V1.1.1" version="V1.1.1.0"/></Stamp>

</IODevice>