<?xml version="1.0" encoding="utf-8"?>

<ExternalTextDocument xmlns="http://www.io-link.com/IODD/2010/10" xmlns:xsi="http://www.w3.org/2001/XMLSchema-instance" xsi:schemaLocation="http://www.io-link.com/IODD/2010/10 IODD-Primitives1.1.xsd ">
  <Language xml:lang="de">
		<Text id="TN_Identification_Menu" value="Identifikation" />
		<Text id="TN_VendorText" value="Festo. Impulsgeber der Industrie-Automatisierung." />
		<Text id="TN_VendorUrl" value="http://www.festo.com" />
		<Text id="TN_DeviceFamily" value="SPAE" />
		<Text id="TN_Device_Name" value="SPAE-P1R" />

		<Text id="TN_Variant_Name_S4" value="SPAE-P1R-S4-PNLK-2.5K" />
		<Text id="TD_Variant_Desc_S4" value="Druckmessbereich: 0.000 ... +1.000kPa&#13;&#10;Pneumatischer Anschluss: Steckh&#252;lse 4 mm" />
		<Text id="TN_Variant_Name_S6" value="SPAE-P1R-S6-PNLK-2.5K" />
		<Text id="TD_Variant_Desc_S6" value="Druckmessbereich: 0.000 ... +1.000kPa&#13;&#10;Pneumatischer Anschluss: Steckh&#252;lse 6 mm" />
		<Text id="TN_Variant_Name_Q3" value="SPAE-P1R-Q3-PNLK-2.5K" />
		<Text id="TD_Variant_Desc_Q3" value="Druckmessbereich: 0.000 ... +1.000kPa&#13;&#10;Pneumatischer Anschluss: Steckanschluss 3 mm" />
		<Text id="TN_Variant_Name_Q4" value="SPAE-P1R-Q4-PNLK-2.5K" />
		<Text id="TD_Variant_Desc_Q4" value="Druckmessbereich: 0.000 ... +1.000kPa&#13;&#10;Pneumatischer Anschluss: Steckanschluss 4 mm" />
		<Text id="TN_Variant_Name_F" value="SPAE-P1R-F-PNLK-2.5K" />
		<Text id="TD_Variant_Desc_F" value="Druckmessbereich: 0.000 ... +1.000kPa&#13;&#10;Pneumatischer Anschluss: Flansch" />

		<Text id="TN_ProcessDataIn" value="Prozessdaten Eingang" />
		<Text id="TN_ProcessDataInPressure" value="PDV Druck Messwert (InA)" />
		<Text id="TN_SwitchOutA" value="BDC1 Druck&#252;berwachung (OutA)" />
		<Text id="TN_SwitchOutB" value="BDC2 Druck&#252;berwachung (OutB)" />

		<Text id="TN_DOut_Switch_On" value="1 (Ein)" />
		<Text id="TN_DOut_Switch_Off" value="0 (Aus)" />

		<Text id="TN_Observation_Menu" value="Beobachter" />

		<Text id="TN_PdPressure_Menu" value="PDV Druck Messwerte (InA)" />

		<Text id="TN_P8197" value="Min PDV (InA)" />
		<Text id="TD_P8197" value="Minimaler gemessener Druckwert" />
		<Text id="TN_P8198" value="Max PDV (InA)" />
		<Text id="TD_P8198" value="Maximaler gemessener Druckwert" />

		<Text id="TN_ResetInAMin" value="Reset Min PDV (InA)" />
		<Text id="TD_ResetInAMin" value="Minimalen gemessenen Druckwert r&#252;cksetzen" />
		<Text id="TN_ResetInAMax" value="Reset Max PDV (InA)" />
		<Text id="TD_ResetInAMax" value="Maximalen gemessenen Druckwert r&#252;cksetzen" />
		
		<Text id="TN_PdBdc_Menu" value="Bin&#228;rdaten-Ausgang Status" />		

		<Text id="TN_Parameters_Menu" value="Parameter" />

		<Text id="TN_OutA_Menu" value="OutA (Schaltsignal)" />
		<Text id="TN_OutB_Menu" value="OutB (Schaltsignal)" />

		<Text id="TN_SwitchPointMode" value="Schalt/Teach-Funktion (Fctn)" />
		<Text id="TD_SwitchPointMode" value="" />
		<Text id="TN_SwitchPointMode_SinglePoint" value="Schwellwertkomparator" />
		<Text id="TN_SwitchPointMode_TwoPoint" value="F2: Schwellwertkomparator (P1/P2) 2x Ein-Punkt-Teach-In" />
		<Text id="TN_SwitchPointMode_TwoPointTeach" value="F1: Schwellwertkomparator (P1/HY) Zwei-Punkt-Teach-In" />
		<Text id="TN_SwitchPointMode_Window" value="Fensterkomparator" />
		
		<Text id="TN_Setpoint1" value="Schaltpunkt 1 (SP.Lo)" />
		<Text id="TN_Setpoint2" value="Schaltpunkt 2 (SP.Hi)" />
		
		<Text id="TN_Hysteresis" value="Hysterese (HY)" />

		<Text id="TN_SwitchPointLogic" value="Schaltlogik (LOGC)" />
		<Text id="TN_SwitchPointLogic_NO" value="Schlie&#223;er (NO)" />
		<Text id="TN_SwitchPointLogic_NC" value="&#214;ffner (NC)" />
		
		<Text id="TN_P60" value="BDC1 Schaltpunkte" />
		<Text id="TN_P61" value="BDC1 Schaltparameter" />
		<Text id="TN_P62" value="BDC2 Schaltpunkte" />
		<Text id="TN_P63" value="BDC2 Schaltparameter" />
				
		<Text id="TN_Diagnosis_Menu" value="Diagnose" />

		<Text id="TN_Device_Menu" value="Ger&#228;t" />
				
		<Text id="TN_P386" value="Filterzeitkonstante (Filt)" />
		<Text id="TD_P386" value="Gl&#228;ttung des Druck-Eingangssignals" />
		<Text id="TN_P386_Mode0" value="Filter deaktiviert" />
		<Text id="TN_P386_Mode1" value="2 ms" />
		<Text id="TN_P386_Mode2" value="4 ms" />
		<Text id="TN_P386_Mode3" value="8 ms" />
		<Text id="TN_P386_Mode4" value="16 ms" />
		<Text id="TN_P386_Mode5" value="32 ms" />
		<Text id="TN_P386_Mode6" value="64 ms" />
				
		<Text id="TN_P489" value="Anzeigeorientierung (do)" />
		<Text id="TD_P489" value="zum Rotieren der Anzeige" />
		<Text id="TN_P489_Mode0" value="standard" />
		<Text id="TN_P489_Mode1" value="umgedreht" />

		<Text id="TN_P488" value="Anzeigedauer (di)"/>
		<Text id="TD_P488" value="Immer Ein oder Zeit bis zum Ausschalten der Anzeige nach letzter Tastenbet&#228;tigung"/>
		<Text id="TN_P488_Mode0" value="Immer An"/>
		
		<Text id="TN_P482" value="Anzeigehelligkeit" />
		<Text id="TD_P482" value="0: dunkel, 5: hell" />
		
		<Text id="TN_P490" value="Sicherheitscode" />
		<Text id="TN_P490_Mode0" value="Aus" />
		<Text id="TD_P490" value="Lokale Parametersperre: Aus oder Sicherheitscode 1 .. 9999" />

		<Text id="TN_Teach_Menu" value="Teach-In" />
		
		<Text id="TN_P58" value="Teach Kanal" />
		<Text id="TN_P58_Mode0" value="Standard Kanal" />
		<Text id="TN_P58_Mode1" value="BDC1 (OutA)" />
		<Text id="TN_P58_Mode2" value="BDC2 (OutB)" />
		<Text id="TD_P58" value="Standard Kanal ist BDC1 (OutA)" />
		
		<Text id="TN_P59" value="Teach-In Status" />
		
		<Text id="TN_TeachSingleValue_SP1" value="SP1 Einzelwert Teach-In" />
		<Text id="TN_TeachSingleValue_SP2" value="SP2 Einzelwert Teach-In" />
		<Text id="TN_TeachTwoPoint_SP1_TP1" value="SP1 Zwei-Werte Teach-In TP1" />
		<Text id="TN_TeachTwoPoint_SP1_TP2" value="SP1 Zwei-Werte Teach-In TP2" />
		<Text id="TN_TeachCommand" value="Teache selektierten Ausgang" />
		<Text id="TN_TeachCancelCommand" value="Teach-In Abbruch" />

		<Text id="TN_TP_NotSuccTaught" value="Teach-Punkt nicht erfolgreich generiert" />
		<Text id="TN_TP_SuccTaught" value="Teach-Punkt Generierung erfolgreich" />
		
		<Text id="TN_TeachFlagSP1TP1" value="Teach-In Flag SP1 TP1" />
		<Text id="TN_TeachFlagSP1TP2" value="Teach-In Flag SP1 TP2" />
		<Text id="TN_TeachFlagSP2TP1" value="Teach-In Flag SP2 TP1" />
		<Text id="TN_TeachFlagSP2TP2" value="Teach-In Flag SP2 TP2" />

		<Text id="TN_TeachState" value="Teach-In Zustand" />
		<Text id="TN_TeachState0" value="Leerlauf" />
		<Text id="TN_TeachState1" value="SP1 erfolgreich" />
		<Text id="TN_TeachState2" value="SP2 erfolgreich" />
		<Text id="TN_TeachState3" value="SP12 erfolgreich" />
		<Text id="TN_TeachState4" value="Warte auf das Kommando" />
		<Text id="TN_TeachState5" value="Besch&#228;ftigt" />
		<Text id="TN_TeachState7" value="Fehler" />

		<Text id="TN_EVENT_OverloadOutA" value="OutA &#220;berlast / Kurzschluss" />
		<Text id="TD_EVENT_DESC_OverloadOutA" value="&#220;berlast oder Kurzschluss am Schaltausgang OutA: Fehlerursache beseitigen" />

		<Text id="TD_Connection" value="3 adriges Kabel" />
		<Text id="TN_CableWire1" value="Versorgung 24V" />
		<Text id="TN_CableWire2" value="Masse" />
		<Text id="TN_CableWire3" value="IO-Link, OutA" />
		
  </Language>
  <Stamp crc="3620482719"><Checker name="IODD-Checker V1.1.1" version="V1.1.1.0"/></Stamp>
</ExternalTextDocument>